Model,librispeech_test_clean,librispeech_test_other,common_voice_15_en_test,peoples_speech_test,gigaspeech_test,earnings21_test,earnings22_test,tedlium3_test,tedlium3_long_form_test
Qwen-Audio-Chat,0.020258799562379748,0.043467569561352074,0.11272421128398918,0.31419144746723354,0.13018910022587737,0.2655529121410546,0.3664994875132684,0.04052375714133636,0.2911540507002305
MERaLiON-AudioLLM-Whisper-SEA-LION,0.022918474365262006,0.041576030415949455,0.07811646454714301,0.21050407754683692,0.14457154747310655,0.13488732754499672,0.1652245056860175,0.07884745040985061,0.10228682857649353
Qwen2-Audio-7B-Instruct,0.035141660693401744,0.060415760304159495,0.11438872500819404,0.2165498391593041,0.11723812890302816,0.18872219319407232,0.23542555661330924,0.06114048472375004,0.08739585179932637
whisper_large_v3,0.01878749009695552,0.03660128246354058,0.10001863741235596,0.14602420615337386,0.09459022434812692,0.11863959266711877,0.15887899737116104,0.037649480146197796,0.03208650948413402
cascade_whisper_large_v2_gemma2_9b_cpt_sea_lionv3_instruct,0.032349945297468596,0.05307658841999735,0.10600831614192711,0.20140159998943682,0.09948381629977261,0.11416493424197618,0.1448629161356777,0.04900464852205386,0.04396383619925545
gemini-1.5-flash,,,,,,,,,
WavLLM_fairseq,0.02103218017882069,0.04798834811886432,0.14533325621300636,0.3792176325635977,0.15491778414546403,0.6447482518259942,0.6671766188447099,0.06621482559171073,0.4536784258110264
SALMONN_7B,0.10270871845172973,0.09671439650443565,0.3062255383962828,0.23699946689025367,0.10765150204693537,0.2577708974886327,0.3597423676988383,0.0459884319222171,0.14231519234178336
cascade_whisper_large_v3_llama_3_8b_instruct,0.018334779492209605,0.03714982881570734,0.09876543209876543,0.14540692118393275,0.09515429104337297,0.11773910240019567,0.15611126487402763,0.038146268762641496,0.04754476156709803
