Model,imda_part1_asr_test,imda_part2_asr_test,imda_part3_30s_asr_test,imda_part4_30s_asr_test,imda_part5_30s_asr_test,imda_part6_30s_asr_test,seame_dev_man,seame_dev_sge
Qwen-Audio-Chat,0.10550313315290274,0.45479263046830615,0.6412550574306894,,0.3016882870525747,0.31394240863063033,0.8783373786407767,1.05567969634822
MERaLiON-AudioLLM-Whisper-SEA-LION,0.042254894789457,0.048088629169710254,0.2919053954978684,,0.17694182194919086,0.11292172031202054,0.388282092772384,0.35550521901496834
Qwen2-Audio-7B-Instruct,0.07197717796796138,0.1905689473257041,0.35076166942732234,,0.27856006770658537,0.2245352799625317,0.5522518878101402,0.5486546879304539
whisper_large_v3,0.06844171360300393,0.3171008846684522,0.27026366524560785,,0.2143555471246589,0.1698509342851144,0.7225930420711975,0.5377268970583734
cascade_whisper_large_v2_gemma2_9b_cpt_sea_lionv3_instruct,0.07041669714480775,0.32988393799204613,0.3035544573275043,,0.22881615619208825,0.1789273082575623,0.7824973031283711,0.5840399155162387
gemini-1.5-flash,,,,,,,0.9690871089536138,1.1100431601824359
WavLLM_fairseq,0.10077292565771828,0.4463923382842302,0.7540934640345399,,0.39796588405247263,0.42541061709652933,1.2913969795037756,1.2204842511249197
SALMONN_7B,0.0925804013361617,0.42346400454508565,0.6569229098215983,,0.34868891450584405,0.24872817713464365,1.2721817691477886,1.0189782362484312
cascade_whisper_large_v3_llama_3_8b_instruct,0.06922195401458074,0.31912994075156237,0.29992939962527493,,0.22004640235805695,0.17467982364056267,0.6848705501618123,0.507882090054792
