Model,cna_test,idpc_test,parliament_test,ukusnews_test,mediacorp_test,idpc_short_test,parliament_short_test,ukusnews_short_test,mediacorp_short_test,ytb_asr_batch1,ytb_asr_batch2
Qwen-Audio-Chat,0.19753284203780838,0.7710863986313088,0.26279685873781816,0.3158631121194933,0.4498529892192094,0.6008025988916491,0.09347360821020603,0.10399586086125925,0.2548909377108163,0.2297764461857571,0.4315277327278625
MERaLiON-AudioLLM-Whisper-SEA-LION,0.15924383210509452,0.30008554319931563,0.058922319992430694,0.12554358101720553,0.170859196341065,0.24918784635964075,0.056935097083623425,0.10144869855926132,0.13301101866426804,0.11484981178458939,0.15162720294085846
Qwen2-Audio-7B-Instruct,0.2067713339741536,0.19093242087254064,0.23270886555019396,0.13843826810361126,0.18694870957203527,0.21326199120963119,0.08416492612361723,0.1194380323171217,0.17180121430177647,0.16843358684796805,0.2080008649583739
whisper_large_v3,0.13841717398269784,0.19880239520958085,0.0753619074652285,0.07135564378899603,0.12054884024828487,0.1662526275558953,0.05543951935226013,0.06168908700151238,0.11715763436024286,0.12226319428439733,0.17210509244242622
cascade_whisper_large_v2_gemma2_9b_cpt_sea_lionv3_instruct,0.15171419416853574,0.16766467065868262,0.06282524363705176,0.07388920400831915,0.12455080039202875,0.16931014714313014,0.07325752301384698,0.06877338215394412,0.14571621317742298,0.1400092187139894,0.2192622950819672
gemini-1.5-flash,,,,,,,,,,0.1089344703080587,
WavLLM_fairseq,0.26946491509131687,0.7686911890504705,0.5216434856656259,0.5911892607298166,0.3595230316889905,0.36728454041658704,0.09512390087929656,0.2066783411605508,0.2621992354396222,0.41876008296842593,0.48091685587631094
SALMONN_7B,0.15395706504325538,0.4550898203592814,0.3010928186204939,0.18918510115333712,0.32089186540346293,0.26313777947639977,0.08676929424202573,0.09042426172092653,0.1751742747919946,0.21487285856956287,0.3238620391393664
cascade_whisper_large_v3_llama_3_8b_instruct,0.13798996048275125,0.17741659538066723,0.07517267480367111,0.07642276422764227,0.13598497223129696,0.15803554366520162,0.05742502771975968,0.0700867627159118,0.11434675061839443,0.12579703464700007,0.23561466104443723
