Model,audiocaps_test,wavcaps_test
Qwen-Audio-Chat,47.04090909090909,32.9364161849711
MERaLiON-AudioLLM-Whisper-SEA-LION,38.00454545454545,33.97687861271676
Qwen2-Audio-7B-Instruct,40.77727272727273,33.78034682080925
whisper_large_v3,,
cascade_whisper_large_v2_gemma2_9b_cpt_sea_lionv3_instruct,3.0954545454545457,6.3468208092485545
gemini-1.5-flash,,
WavLLM_fairseq,5.5,6.901734104046243
SALMONN_7B,37.445454545454545,23.76878612716763
cascade_whisper_large_v3_llama_3_8b_instruct,2.4727272727272727,3.445086705202312
