Model,voxceleb_gender_test,iemocap_gender_test,imda_gr_sentence,imda_gr_dialogue
Qwen-Audio-Chat,70.5990972507181,50.0996015936255,57.550000000000004,37.2
MERaLiON-AudioLLM-Whisper-SEA-LION,99.75379565038982,93.48605577689243,66.13333333333333,93.76666666666667
Qwen2-Audio-7B-Instruct,99.1177677472302,92.80876494023903,68.38333333333333,61.56666666666667
whisper_large_v3,,,,
cascade_whisper_large_v2_gemma2_9b_cpt_sea_lionv3_instruct,34.94050061551087,15.737051792828685,26.35,19.6
gemini-1.5-flash,,,,
WavLLM_fairseq,69.61427985227739,51.932270916334666,49.06666666666666,46.766666666666666
SALMONN_7B,88.79770209273697,81.31474103585658,59.766666666666666,42.733333333333334
cascade_whisper_large_v3_llama_3_8b_instruct,42.921624948707425,44.22310756972111,36.016666666666666,25.433333333333337
