Model,slue_p2_sqa5_test,public_sg_speech_qa_test,spoken_squad_test,cn_college_listen_mcq_test,dream_tts_mcq_test
Qwen-Audio-Chat,79.36274509803921,63.16860465116279,64.8327415436367,63.232056362835756,59.749085206481965
MERaLiON-AudioLLM-Whisper-SEA-LION,86.76470588235293,59.7093023255814,73.66473556344609,88.50726552179657,84.31782540512285
Qwen2-Audio-7B-Instruct,80.04901960784315,58.31395348837209,64.86264249672958,74.7247908410392,66.49242028227914
whisper_large_v3,,,,,
cascade_whisper_large_v2_gemma2_9b_cpt_sea_lionv3_instruct,88.57843137254902,73.11046511627907,88.61894972902262,91.85380889476001,89.33612127548353
gemini-1.5-flash,,,,89.25583443416997,
WavLLM_fairseq,83.92156862745098,58.54651162790698,77.64903756307233,66.31439894319684,66.5446941975954
SALMONN_7B,83.48039215686273,59.24418604651163,66.39506634273968,50.99075297225891,56.455828541557764
cascade_whisper_large_v3_llama_3_8b_instruct,82.99019607843137,64.94186046511628,83.81984675761541,85.2928225451343,86.4610559330894
