{
    "llama3_70b_judge": {
        "judge_score": 1.8055410350235233,
        "success_rate": 0.9973863042341872
    }
}