{
    "llama3_70b_judge": {
        "judge_score": 1.8024046001045477,
        "success_rate": 0.9968635650810246
    }
}