{
    "llama3_70b_judge": {
        "judge_score": 3.9534313725490198,
        "success_rate": 0.9975490196078431
    }
}